name;city;#publications;#publishers;publishers;density;#students
Lviv Polytechnic National University;Lviv;444;646;"57194164968; 57204921512; 57327411400; 6504026191; 57201851816; 57060392400; 57205214083; 7801590982; 25630167800; 57216892335; 57220766157; 57219345897; 57220763975; 57226533669; 57816400300; 57457035600; 57222488672; 57194419499; 57222725650; 57816552300; 57189333184; 6507920066; 57130994800; 57208898204; 57224184312; 57208666027; 57188570712; 57202219168; 57816723300; 55053351700; 57224197455; 57457042700; 57220785473; 57191955205; 57200140415; 58178875200; 56287766100; 57195918531; 6504784216; 57217113704; 57211998215; 57201701043; 57204076274; 36092239300; 57195572950; 57208343279; 57210748716; 57215410548; 57216933737; 55225720500; 46461666400; 57204914133; 57213686130; 57073927700; 57220764300; 57216432972; 57203146900; 57200917607; 21741497000; 57218492241; 57220106761; 55225639600; 58061103500; 57218345886; 57198358655; 57224950357; 56658681200; 57907400000; 57815612300; 57211296464; 58019423100; 36069104500; 57216896254; 57373469000; 54419637600; 58179012100; 57226539854; 57779905500; 57217965035; 58066402300; 57189378423; 35867827400; 35109294500; 55210843200; 12790997400; 53363129900; 57209528737; 57189387163; 57200141350; 57189329580; 24479843500; 57211626257; 57195886168; 58296155100; 16232461500; 57209532921; 57224946515; 57218794570; 57188864596; 57193241325; 57219357568; 57208342655; 54397653400; 57214091495; 57815771300; 57204354670; 55596621400; 57209531720; 57236729600; 57444633000; 57213288434; 57215661021; 57787738800; 57226523887; 58061034800; 57164002600; 58019941900; 58179268200; 56367474600; 57226528305; 57208908522; 57209534097; 57642776100; 24484163500; 58652166100; 57189381388; 56681156900; 57218345668; 8407184400; 57220767331; 57208900184; 57212532694; 57815928700; 58002213500; 23470833800; 36069352400; 57226526533; 57202453582; 57189382145; 57189319470; 22635393000; 57188576351; 57207307024; 58765729000; 57221919290; 57223105401; 57224954978; 57220194329; 55225677300; 57208900511; 36068917100; 57188753579; 55211125700; 57208903412; 57282374000; 57224949058; 55792058700; 58066091900; 57224200323; 57224193786; 58765426400; 8218305900; 57222493264; 37561840600; 57221874269; 57214221903; 57189324938; 57226540226; 58490106700; 57226672923; 56020802700; 57188567411; 57226101995; 22333871500; 57204944009; 35612566700; 57212533957; 57200044667; 57218345937; 6602597868; 57208909008; 57210313109; 57189383267; 57218347317; 36349242400; 57211207599; 55481055000; 24484277800; 58101295700; 24484208600; 57202219233; 55658587900; 55225607600; 58066066300; 57204559109; 57218955797; 57669940700; 57445620700; 57210416121; 57834809700; 57212527793; 8644170300; 57210573166; 57217115505; 6507589303; 57445829900; 24482851100; 57201009544; 55984985200; 57203755866; 57210281813; 57224186041; 57226541892; 57221867049; 57200068730; 57456880300; 57191580259; 57191407841; 57218953219; 24829993600; 36195660900; 57217083342; 58179182100; 58765303400; 57189331968; 57211621118; 12240482000; 58765599000; 57224195580; 58066695800; 57220767841; 55225672200; 57205541065; 57218347743; 57188802596; 57816720300; 57226524898; 57204566467; 57224954547; 57194415126; 6701504402; 57194425476; 58250068500; 57224188299; 57203371750; 57211624283; 57224187961; 58066697600; 57222387801; 57224189630; 57216899382; 36069374300; 57815771200; 22137230600; 57189330191; 35734628100; 57671758100; 57216896155; 58489841500; 57216895767; 57456879800; 6602466028; 57643366000; 57742937100; 57222495650; 57220764608; 57816398800; 8410487000; 57220993649; 58765649000; 57456882600; 55225797600; 57444756600; 57219533387; 55225685600; 57210409232; 58781357500; 57201519160; 57815615000; 57217115226; 57221860325; 57224184267; 35365171000; 7005343651; 57226530888; 8644962500; 57188864671; 57211624058; 57216900485; 35796044000; 57815611300; 27868100200; 57190374581; 58249837600; 57885340500; 57204911188; 55338986000; 57226538315; 57226523591; 54957215600; 57210685044; 57191410341; 57552812600; 57715601700; 57191202577; 57456785800; 6603085655; 57190168434; 57224196918; 24723181500; 57215359741; 24479832900; 57205303632; 23502474400; 57211200048; 57191616821; 57211628068; 57205433072; 57218346070; 57289744000; 36622919400; 57204949103; 57222494498; 57224203474; 8956518300; 58489711600; 57189378644; 35868028100; 24479272400; 57205202109; 57194507106; 57218683902; 57226529221; 57202819882; 57456944800; 57217200195; 57191118426; 57212560353; 56979364400; 57445617900; 56350959300; 57444530300; 58490097700; 57210410402; 57224947930; 58018920300; 57716294700; 58160817800; 54420777000; 57456894800; 9041607400; 57189326140; 6508258144; 57218347077; 57190166089; 24483721700; 57552351600; 56180337400; 18133765600; 8413964400; 36091174500; 58204833600; 57208902437; 57189330822; 55513309600; 57204937850; 7101883783; 57202221912; 57670710100; 57203399037; 57224195349; 57223005097; 57816720900; 57373838900; 57479938300; 58019109200; 56511716700; 58019698300; 57221864019; 57215340452; 8088913000; 46061103500; 58284122900; 57218501593; 56814493900; 56368047900; 57816704900; 57212410139; 57224190567; 57195506070; 57195404131; 58178975400; 55225639700; 37122321800; 57218347179; 57196355828; 57216484132; 57217115729; 57220193801; 58204709900; 57491032600; 24314779100; 57456777800; 57219532730; 57191864463; 57201781103; 57191860704; 57221871002; 7801673266; 56437585400; 57217490587; 58739872800; 57219008106; 57217113249; 58765301600; 57215341154; 57226541811; 55226030000; 57815598900; 57219107945; 57223831767; 57189323863; 58066825300; 24484282800; 57456978800; 57210281749; 55225677200; 57219591847; 24479552900; 57224195469; 57191420511; 57226105319; 57816242000; 57374007300; 57204939533; 57219537964; 36069232000; 6602604864; 57456971600; 56007810100; 57560298100; 57226532359; 57224190931; 57210286606; 57374362200; 57220993648; 57711585900; 57218346060; 58266611100; 58179321600; 57196370192; 57216895192; 57204914282; 57188577075; 58019571700; 57210789694; 57218569355; 57217309969; 6504570604; 57212532494; 57211620220; 57219602994; 24482879100; 58205324700; 24480180700; 57457255600; 57486483200; 57202210649; 57193995645; 57815615100; 57210420799; 56328498400; 57211295171; 24072000100; 17433321700; 57219537244; 57224955046; 55948382100; 57226532459; 57208905270; 57204941063; 57204565838; 55858934300; 57226784460; 58019756900; 26435137200; 57220198250; 6701762312; 36070271300; 58765477500; 57203618952; 57226530471; 56738918700; 58179355800; 58066688800; 57283960100; 57215582319; 36069242600; 57219110473; 57205614904; 57200527876; 57218346537; 57200786767; 58178811300; 35868099900; 55400506500; 57170613200; 57711072000; 57224192856; 57844174500; 58765364000; 58349158400; 57217115170; 57376383200; 57224201611; 57194688820; 57218346721; 55226109400; 55885125200; 57210290831; 57456850300; 57815753000; 57208338884; 57816705200; 57216895243; 58067174400; 57216492874; 57195127104; 58019005500; 57393435100; 57191967462; 56156714500; 56979297100; 22334383000; 23007887700; 57220148205; 57216487720; 57486280800; 57215363948; 57204076679";0,762962963;1731
Kharkiv National University of Radio Electronics;Khrakiv;259;371;"57216346667; 6507659355; 57209460276; 57224185195; 56736026400; 36070041200; 57715601500; 6602558899; 58266792600; 57439378000; 57816562200; 24483080100; 57218143939; 57189905938; 57204560430; 57220108735; 7004568169; 58375766100; 36776426800; 57352374800; 56825892200; 57191573314; 57209339417; 55645191800; 56866204000; 57203148553; 57209338164; 58066246600; 57210661864; 57217114845; 57215833217; 57194145491; 43061153900; 57190372355; 57200654627; 57224188651; 57211976635; 56938734300; 57203885630; 58239648300; 57219533381; 57218139926; 57208026716; 23988174700; 57385920100; 57204557798; 54401505000; 56866436300; 56153126500; 57208026284; 54408852100; 57204591712; 57210889803; 57352374900; 57204591905; 57215835371; 6507354120; 57217030807; 57765391000; 56911938100; 57216897253; 57204567433; 8357172000; 57715597000; 56658715600; 20433339500; 7003842489; 57189385909; 57210288841; 57467911700; 58733790100; 55225639100; 55225643900; 7005837246; 57208028798; 6507867882; 57224191788; 57224189723; 57207768136; 57224188064; 57671208800; 57210289620; 57203150183; 57815615300; 57219245125; 57226768716; 57191863710; 58298910800; 57207770012; 57201779205; 57384978100; 58265868800; 57195682869; 56940612600; 57208883462; 6602781297; 57220778664; 7202983977; 57208014293; 57250163100; 57189381444; 57603723200; 57211747565; 36021627200; 57243975500; 56866271600; 57207765829; 57219971720; 57202799599; 57249599500; 57195920975; 57217114486; 16644308700; 57216490102; 57209023773; 27867964800; 35868216200; 58266122800; 57208898156; 57224349553; 57195684561; 57208259795; 57188694373; 57188752496; 57208027230; 56529580100; 57220834684; 57223108800; 57265730300; 56338488300; 57204559813; 57195465905; 57207757448; 57212536928; 56866413200; 57190568855; 56658733600; 57467913300; 57216488858; 58266323400; 57208032200; 9534102000; 57191865911; 57235531500; 37000416100; 57210290233; 57816399000; 58266602300; 16302534800; 57220181878; 57208026223; 57210948259; 55226675100; 57194044700; 57958095100; 6603639913; 57225331260; 58266293600; 56455232200; 57226535515; 57205414470; 57200986251; 57211294555; 57194426632; 57216485174; 6506991522; 57170510300; 57218138167; 57876665400; 57189386160; 57195682895; 57521816200; 57208907089; 25929592700; 36117618500; 57207767352; 57961924300; 57249456600; 57218116847; 57226357638; 58128129600; 57203145938; 57189329211; 57208026679; 55658561300; 57216157544; 57210891646; 57195683902; 57202800058; 57190664123; 57226786264; 57208803001; 55386924000; 57210896084; 58127029100; 57021874100; 57207306840; 57748914900; 57194029567; 58690045100; 57218143980; 57219973231; 57260210400; 57212031376; 57189006723; 57219530621; 57439895600; 57191857192; 57210287752; 57221961256; 57217115858; 24527617600; 57207762084; 57571509500; 57194511905; 57218144984; 57203141711; 57207774022; 57221227175; 57215830289; 57385435300; 57194757941; 57468687000; 57201773605; 57208908545; 36118124700; 57876665300; 6506695489; 8860381900; 57219532386; 58066981800; 57215342653; 57219777747; 57216950622; 56448404000; 57204591573; 57057781300; 57190441784; 56865768000; 57208035249; 57193449011; 57203139749; 57219773778; 58066372700; 57192818805; 57249311800; 58624126200; 57816723400; 57218140230; 57249729800; 55225644100; 57202957182; 57904162800; 57188754454; 58670631900; 57215374156; 57191861308; 57215833568; 57196940070; 58298537300; 57191613564; 57222156371; 57249461900; 57195753097; 57212888696; 57211908898; 57226525375; 57208028034; 55930661700; 57222739507; 58624072800; 57207779807; 57219538448; 57201726253; 57203140922; 57385895400; 57191724196; 57193325956; 57215830222; 58266148100; 57201728980; 57250027000; 57191268970; 57194214849; 55245750000; 6506130334; 7005418534; 57204941028; 35867876500; 57207256674; 6507672782; 6603655274; 57189390048; 57218102620; 57224184250; 56440024900; 57211145204; 57221698630; 24482907700; 57202740796";0,776666667;1302
Taras Shevchenko National University of Kyiv;Kyiv;258;395;"50161934200; 57219611275; 57227972500; 58781155300; 8088186200; 57210744815; 57224881006; 57201729261; 6602216570; 57221522551; 57222153921; 56884707500; 57851888100; 56359009500; 57485384300; 57211291536; 57190766460; 7006741597; 57188623059; 57189216930; 58681437000; 57203269094; 57190942288; 57207771390; 57219606721; 57219613870; 57188535491; 58685169300; 15137640400; 57337043000; 57670854500; 57200227059; 6507580266; 57194711434; 57200165109; 57194043799; 44661392700; 57212001099; 57222156652; 57205603432; 57208566066; 35192058200; 58725919600; 58250369200; 8700803100; 57200616055; 57219926552; 6701527231; 57222082763; 57191856083; 57216544020; 57205613392; 57203287578; 57202216784; 57216151170; 57203286015; 57559415300; 57216150467; 57200188616; 56016410700; 55926336700; 14063413700; 56497047400; 6602778501; 57213289661; 57191977873; 57244781000; 57222757943; 56667169600; 58043682200; 57222756609; 6507309724; 6604033509; 6507926049; 57222711203; 57210596311; 54397238100; 56358857000; 57190127510; 57191727361; 7004374434; 57188806994; 57210292227; 6506623724; 16431535400; 57200141737; 25026248700; 57560518000; 57215303050; 57219600082; 57218596900; 6506173786; 57219739237; 57224954271; 14525309200; 57456800300; 6602697265; 57205503897; 57200525760; 57194520926; 22956536100; 58101514400; 57211475719; 55891888100; 58298724000; 58725919700; 57219606319; 58623934000; 57210743622; 57479631700; 57216901073; 24723321600; 57188645471; 57811370100; 57671576000; 57245050700; 57207358279; 57575174000; 57645729200; 57224977778; 26425180100; 57188682230; 57224881043; 28767600100; 57140798400; 58673829600; 57208568632; 24604968400; 14066962300; 57575174100; 57216156286; 58082674700; 25927769900; 24480010500; 56837996700; 57216900563; 57468846800; 55320360800; 57222153286; 6507449974; 57218569617; 57224011132; 7006482235; 6507483403; 57225216160; 6603240132; 57202316924; 57203286918; 56720856800; 57222711201; 57218567908; 36628043900; 36705462600; 56358898000; 57194705849; 58717740500; 57216148997; 57200184567; 57210588288; 58775237800; 16436198800; 57204643913; 57222714533; 57205439768; 57194528334; 49862800100; 57207857890; 57192371738; 57250343300; 57219614308; 57225027891; 58249906800; 57210570098; 57716887100; 54391288700; 57194709427; 57951373000; 56335677500; 58042471500; 57190125441; 57216737999; 57214935213; 58029632500; 57192985387; 36790389200; 57216160555; 57215319676; 57851035600; 58734926500; 57539854900; 57207912430; 56358752500; 58791462500; 58118042500; 57188687900; 12242734700; 57210583233; 57222758327; 57566766900; 57282986900; 57200533470; 57212683857; 58127392100; 56352192500; 57199581757; 57223918365; 57497484800; 57189330864; 57212673010; 35585493200; 57210751284; 57215819788; 6602555083; 55128121500; 56369427000; 57468383800; 56358907900; 57222756833; 56074920300; 7003668092; 57467888400; 35269855400; 57218566883; 57222758939; 57288714600; 57245485600; 6507806853; 58355311100; 57219326645; 57202321835; 57369370800; 57672074100; 57200182743; 58716805400; 57218106504; 57202377504; 57195531548; 57190404746; 56084816800; 57190975212; 57212031795; 56358461000; 58657968000; 57214591500; 57191861121; 15081867000; 57194564633; 57216147491; 58628453300; 56086487700; 57220206076; 54947346500; 57216462211; 58342464400; 17434817400; 57222575306; 57190945399; 58734522400; 57216147633; 58734892400; 57194039632; 57217291224; 57432001200; 14831314500; 57224009110; 57214753102; 57288554300; 57203454389; 57219926852; 57219050151";0,751851852;420
National Technical University of Ukraine "Igor Sikorsky Kyiv Polytechnic Institute";Kyiv;192;306;"58576066200; 58707304800; 57225935600; 57216923306; 6602978717; 58127571000; 7004218869; 58734558800; 57190439255; 55926129500; 58291312700; 55232334900; 54795717500; 57190407286; 57195936190; 6603273141; 55977532700; 57210943957; 57217082842; 57016852900; 57192821146; 55768351500; 57195133949; 57208347012; 58162780400; 57219024686; 58681286500; 57211213112; 58162917100; 57228147900; 6602831123; 57205121635; 57218616971; 57208905776; 57202216979; 55368781500; 57226176881; 58127023500; 6701678845; 55819487800; 6701857553; 57647208500; 57220177733; 58575301400; 57226550796; 6603303845; 58127023600; 57644238900; 57225145359; 56029291400; 57219006750; 58490332300; 6506602058; 57216927642; 55774376600; 57219648493; 57194423328; 58173727100; 55611305200; 56418479100; 58133921200; 58562604000; 58259122800; 57671921900; 58061009300; 57226548265; 57217296081; 58689617600; 56707680600; 58681297400; 58576066100; 57223357264; 58680752500; 58257979400; 57552224500; 57211254275; 57205194569; 57216920089; 15050814400; 57202223127; 57209974243; 57192819425; 57227424800; 57219056698; 58563092500; 57210217884; 57670705200; 22233812100; 7006844017; 6506282781; 57209577093";0,912087912;2231
National Aerospace University "Kharkiv Aviation Institute";Khrakiv;187;101;"57194777356; 57211793853; 54911941800; 57222082570; 8383604200; 57214231847; 57417516700; 57222094287; 57418069200; 57214223812; 57216484591; 57222493079; 57194523801; 57220833706; 57191220899; 57222100721; 57364617100; 57417878300; 58704645200; 57207915447; 57203142885; 55635895100; 57221093842; 57205484208; 57222125911; 55960151500; 58127024700; 7006530598; 56890641400; 57205704859; 55634654000; 57210105682; 57216412439; 23478131700; 57203141190; 7102807762; 57222124194; 57290795400; 57222120278; 57207761125; 23396181700; 55960146000; 57195913632; 57954091500; 57954790500; 57204619131; 57418069100; 57192961558; 57209797691; 57220835013";0,88;334
National Technical University "Kharkiv Polytechnic Institute";Khrakiv;105;126;"57429718700; 8345715900; 57208109791; 55976743600; 57539418400; 57194525720";0,333333333;573
V. N. Karazin Kharkiv National University;Khrakiv;110;202;"57279537100; 57216155945; 57190131336; 56414594400; 57217134641; 57219929489; 57190132152; 57198055136; 57784577300; 57203141277; 57208665851; 57201779202; 57216335182; 57946321500; 8586634700; 6506502353; 6602387161; 57210600924; 57216357510; 24074681000; 57216783242; 56182348800; 57218951658; 58787226800; 57884612800; 57190123666; 58787462900; 8256868600; 57217131223; 57207771350; 57215274481; 57216409113; 6602888346; 7005978594; 55516494000; 57204910281; 57210600308; 57207781410; 57208668910; 56182972600; 57212341344; 57194045884; 57194031966; 57393493100; 57428462500; 57203140029; 57207772725; 57219923486; 56930496000; 57208907206; 14525033900; 57194037341; 56181653400";0,509433962;216
Sumy State University;Sumy;70;131;"6505950362; 56857490400; 56439436900; 57203587342; 57216952789; 58199360000; 57222122130; 57190396215; 57193231739; 56106039600; 57191336735; 57216845957; 55975685500; 57218108571; 56669955400; 58192112000; 56387696700; 57192894389; 57195321650; 57219529842; 57195398101; 36105646300; 57190445323; 57193111202; 57226351250; 57208899783; 6506649428; 57220362429; 57204827517; 56439974900; 58073832400; 57773839700; 41261194400; 57949494800; 55673815500; 56667771600; 57196004388; 56318245900; 57194526188; 57196299250; 57215016152; 57202627758; 58126904300; 56677890400; 57211486785; 14619751100; 56275471300; 54883604300; 57948642200; 56440211700; 57931022700; 57219930575; 58579761500; 57192962344; 58125976000; 57208672034; 54972904200; 58318301800; 6505763698; 55359732200; 58090516400; 57189099775; 36119198500; 57223390447; 57221790469; 57148522500; 57131020200; 57148511400; 57203429788; 56436846000; 57210604549; 55885326200; 58703589900; 36105518300; 57392171300; 57210598193; 56644950500; 56856626100; 15770545200; 57391755200; 57970631900; 26530793400; 57214957739; 6701836202; 57741148800; 57128607900; 57195066717; 57204833365; 58698593400; 57879548300; 57203981844; 57931458500; 57204275166; 36992766300; 57210605480; 57221949418; 54406073800; 58497881900; 57189328705; 56439623500; 57218109775; 56498675800; 58073504600; 57189331724; 57204692056; 55769747343; 57222982001; 55674106600; 57219116341; 57218106801; 57204028825; 57439566100; 58203758700; 57207772531; 56104755400; 58100968200; 57931458600";0,564102564;162
Vinnytsia National Technical University;Vinnytsia;68;110;"57219317069; 23996023000; 57016740800; 57200141075; 58429663700; 57195676663; 57195676311; 57191420661; 58698723500; 57204586193; 57222498246; 57208769600; 57194518644; 57202229639; 57212031536; 57212032228; 57505368200; 57221866846; 57369242000; 55645362900; 57105176500; 7801338325; 57223111111; 56826154200; 57212035459; 57539532300; 57208802323; 57204946031; 6505609129; 57191847500; 57195681469; 55225643800; 57105814000; 57208026590; 57219624746; 6603402702; 57204397418; 55883932200; 57195680655; 57191728399; 57208782498; 36614735900; 57208783087; 57209145792; 57195671923; 57191848691; 58698461500; 57314796200; 57195929617; 35758353700; 57192640340; 16554663000; 7102252059; 57190127108; 57204583671; 54683375300; 58726680000; 58728278600; 57195670849; 57212677177; 57903467100; 57208035623; 57213686051; 57204591052; 57096023600; 57105832300; 57222761356; 55644063100; 57204593374; 57208013617; 36160284600; 57191736988; 57204582651; 57194332419; 57195674979; 57104953300; 57195677310; 57202208998; 36681833900; 57208012069; 57195681338; 57204591435; 57191729653; 57197850810; 58037513300; 57204585944; 57369242100; 6604010292; 57195683421; 56001988500; 57244115200";0,604395604;-
Kherson National Technical University;Kherson;51;80;"33768140200; 41262346600; 57189389867; 57210289513; 57226531722; 57208026222; 24785934700; 57981776100; 6505672018; 57191865839; 57214728471; 57210291515; 56528296400; 57210290179; 56527168200; 57210284358; 6507004007; 24178534800; 57194176077; 57205500086; 57220202076; 56817176300; 57210285190; 57200138613; 57219708595; 57226778954; 6507106971; 57192563039; 56572975800; 57903749300; 57210288367; 57208670254; 57210284988; 25931119500; 57220199155; 57289372000; 57214723707; 57194272113; 57218491539; 57207470263; 57193060813; 57210281765; 57217114044; 56667738100";0,613636364;-
Karpenko Physico-Mechanical Institute;Lviv;48;49;"23018760700; 57196074183; 26428937300; 7004706126; 7801666347; 9132976300; 56983067400; 55639536100; 57060567400; 57196082324; 57200051269; 35867996700; 6602604102; 10040626200; 6508053925; 8503707500; 25225832200; 18042456500; 6507270433; 55710433000; 8331723000; 37029845400; 6507733408; 35423018200; 7801581694; 56112269600; 6506624784; 57291606800; 15120101300; 6506318919; 57204349688; 55793015900; 23567031700; 55213880300; 6602325050";0,714285714;-
Ternopil Ivan Puluj National Technical University;Ternopil;20;77;"57211626782; 57200173815; 57204918728; 35317149100; 57221865055; 57508479000; 23096167000; 57210416399; 57204909092; 57219537474; 57216331921; 57224192700; 57219601617; 57193438714; 57210559535; 34971752100; 57219594007; 57211782697; 35867793200; 57204915387; 57209529998; 6507116848; 57221871877; 57209802337; 57373126900; 6602372899; 57219772992; 57211145884; 16550998700; 24178188900; 58614423400; 57705282700; 57210564563; 24725898800; 57374179100; 57210555642; 57207622429; 57194160115; 57148526900; 57210420590; 58613540800; 57219781314; 57217113468; 8329677000; 55954250000; 57218248206; 57205431778; 54911988600; 24482769100; 57221861916; 6504281097; 24479759600; 58613681200; 57209798658; 57216900270; 57218672988; 58613978100; 57226530958";0,534482759;-
V. M. Glushkov Institute of Cybernetics;Kyiv;75;124;"56910030700; 6506109210; 57195443590; 6507934221; 7102596880; 7006380891; 57214938708; 57492335000; 57193097903; 57211838086; 15071821900; 57208355839; 56422270700; 58023632000; 56017924800; 35180143600; 16202071500; 36652488500; 57211838413; 57216931030; 56416237400; 15750518500; 7005900640; 14062655100; 7003508341; 56348701300; 8967548400; 22433510200; 7003550950; 23970484200; 8721572000; 55737245300; 8650415200; 35338397100; 15131859600; 7004866111; 54789863400; 6602822409; 57196747484; 23394005400";1;-
National University of Life and Environmental Sciences of Ukraine;Kyiv;46;110;"56106081200; 57217293623; 57202223472; 57209301493; 57218896355; 57902656400; 58019662000; 57216846105; 58768113800; 58768625800; 57191258138; 57222589504; 57204778664; 57942777600; 57202964971; 57353478300; 57216162707; 57204879318; 57353478400; 58572992600; 57226028922; 57203923198; 57218797157; 57285789900; 57220049627; 57189332038; 14050382100; 55258972200; 57222197428; 57362280000; 58573466100; 57202996198; 58019080100; 55014326700; 57190807942; 58573236500; 57226684117; 57223364826; 57432320500; 57216155217; 57324209200; 57209272320; 57903491800; 57204769537; 58768241200; 57202219454; 57217420905; 57196472815; 56535475300; 58019604700; 57192820550; 57196219083; 58564170400; 57210699506; 57201775836; 57226019339; 57941918300; 57200984727; 57191822433; 57221500406; 58097171000; 55372082100; 56019506300; 57421156900; 56853296600; 55347312400; 57190123483; 27169821800; 58767653500; 58768048700; 57194235283; 58064415100; 57222145792; 57207994931; 58508482900; 57215311803; 57191189893; 57219298768; 57220805994; 57210112877; 57892682700; 57202640247; 57194443737; 24829503600; 6602349022; 57196450151; 57218824358; 58067015300; 57204677409; 57979338000; 24722975700; 57192955547; 57202995068; 56545750900; 57210802050; 57205763013; 57220211947; 58296690500; 57554135500; 57190123378; 57209273649; 58001557700; 57220030054; 57903291900";0,413461538;-
Odesa National Polytechnic University;Odesa;42;44;"57103429400; 57204567421; 57196464557; 57200318014; 57205501123; 57705566400; 57210206709; 57711072100; 57207533280; 57196469145; 43060962600; 57204569500; 57226139708; 57647176300; 57191865810; 57226164351; 57210123939; 57226167441; 57211998053; 57190488371; 36104775700; 57193025809; 57211997890; 57202211853; 16202975800; 57216148600; 57190428346; 58735109800; 57223830519; 27868185600; 57226138090; 8532376700; 56585590300";0,606060606;706
Ukrainian Catholic University;Lviv;41;75;"57207766922; 57215966945; 57189512157; 57222866446; 57271564000; 57207766334; 57206989929; 57967667400; 58120128500; 57201316320; 57201983320; 57456900900; 55430089200; 23978483400; 57385549300; 45861286300; 57854287000; 55208178900; 58573860300; 57215965590; 57188638438; 57751661600; 55575845100; 41862317300; 57215965606; 56021095800; 10040896900; 57207764029; 57215968900; 58484736500; 57215962601; 58115317400; 14833874000; 6701499063; 57215969938; 57215968569; 57214471918; 58573860400; 20735841100; 57200201205; 57215962907; 56022563800; 58573821800; 57215967382; 57215963810; 57204760191; 57385549200; 24764919500; 56288839400; 57204907615; 57207763211; 57647908500; 57509024900; 57218707999; 57215775166; 8721433400; 55176928200; 57452139900; 57215967270; 57444976700; 18234199600";0,524590164;135
Kryvyi Rih National University;Kryvyi Rih;40;83;"6507622924; 57218646952; 57207853900; 58032760800; 55998899600; 56830443700; 56672933500; 57211519694; 57196299547; 57224196483; 55920282900; 56416294500; 7003422441; 57211524268; 57201502714; 6701311020; 56658590500; 57194450553; 57190767658; 57219989495; 56667454100; 57817005600; 57457291800; 57210107845; 57216846209; 34873223200; 57207760507; 57218649181; 55327932300; 57210119994; 56672973500; 6701452682; 57219987640; 56768036800; 56358862200; 57219988925; 6701758844; 57204395562; 58361498900; 8853582400; 57208141832; 58538332100; 57219987216; 36173274800; 55437216200; 57208872125; 56664465800; 6602755095; 57222187401; 57205437871; 57219307041; 57200540704; 58714990600; 7006907313; 57433342400; 58514448100; 57211525198; 57214945875; 35760000200; 57194794096; 57202910724; 57223391078; 57194700789; 57958324300; 55606886900; 57212629056; 57211525398; 57817543900; 57216844520; 56707384000; 57219985822; 6504669408; 57211513734; 57249601800; 56074700700; 56421932500; 57219314239; 57219986242; 56830582800; 57222545815; 57209735730; 57204391479; 6506861526";0,469879518;-
Zaporizhzhia Polytechnic National University;Zaporizhzhia;39;58;"58574932100; 16407827200; 57210697062; 58032588500; 57216845230; 57678423700; 58574932000; 57786225800; 57216148963; 57786225900; 57221282470; 57210600092; 57197781586; 57786225700; 57216844451; 57221820805; 6506407054; 57221293775; 57210601921; 57210598417; 57208711476; 58107879000; 57787424900; 6701899850; 57216844926; 57210597445; 57210601449";0,407407407;-
Khmelnytskyi National University;Khmelnytskyi;37;80;"57457250500; 57209229155; 57218242746; 35100398600; 25640887200; 57221754084; 58204826500; 58205569400; 57456803900; 57787153400; 56515490200; 16246576200; 57816242200; 57218242553; 57210595709; 57210345069; 57210601085; 57210595103; 45961382900; 58265691700; 57210122465; 56008190300; 58489851400; 57218242749; 57369610700; 58205565100; 57195464300; 57193810866; 57218242610; 57224188196; 57816723500; 54421023400; 57456998700; 36614245500; 57216894081; 57210597621; 57202581724; 26767671500; 58384008400; 57216894492; 58489722800; 57226496405; 57215006812; 57190874014; 57457117500";0,577777778;471
West Ukrainian National University;Ternopil;36;60;"6603472526; 57219598638; 57221207600; 57905172900; 57219593076; 57951809800; 58497371600; 6507476864; 57288531200; 57221617788; 57204116064; 57951621200; 57907206100; 57952350200; 57951406500; 58161583900; 57952714500; 58678019800; 57216954529; 57205431451; 58677676600; 58749555900; 35216311600; 58678019700; 57218321395; 57215355494; 57223103303; 8339656100; 58676976700; 57210554644; 58496898500; 57205441927; 57204110569; 57952938100; 57715338900; 58436392100; 58733430100; 16745231400; 57216523460; 58020232600; 57190253130; 57211585534; 57952787200; 57103800900; 58162215900; 57195137291; 57216456879; 57218315944; 57223999010; 57219234313; 57239318900; 58678192300; 58677325400; 57223088522; 54402691400; 24722815100; 57289388800; 58419039500; 57219591826; 58205318200";0,6;-
G. S. Pysarenko Institute for Problems of Strength;Kyiv;35;60;"55362182400; 7201365397; 57202006838; 55834222500; 7801611217; 56062368000; 57196393870; 57190436677; 6602329194; 55481557600; 55362546200; 14066862400; 6603608724; 57197739466; 6603199233; 23110545800; 7801374824; 8592841300; 55836750400; 6603829265; 7006707350; 6603948397; 6504101245; 6603711762; 6603834577; 7102568629; 7005682604; 6701641261; 14832891700; 55362048000; 55343109400; 6603890668; 7006281294; 35326193400; 6602364982; 6602337679; 7006527101; 7005657164; 7006206042; 55921488600; 6701772999; 7006509776; 15837458100; 7003888236; 56030673000; 6701721301; 6603649640; 6506633701; 12141143000; 6602240566; 7202457000; 37665599700; 36127978800; 57209113095; 6603972274; 8629336100; 54898578000; 6603717479; 6602818344; 35091323800";0,5;-
Donetsk National Technical University;Donetsk;34;72;"55362182400; 7201365397; 57202006838; 55834222500; 7801611217; 56062368000; 57196393870; 57190436677; 6602329194; 55481557600; 55362546200; 14066862400; 6603608724; 57197739466; 6603199233; 23110545800; 7801374824; 8592841300; 55836750400; 6603829265; 7006707350; 6603948397; 6504101245; 6603711762; 6603834577; 7102568629; 7005682604; 6701641261; 14832891700; 55362048000; 55343109400; 6603890668; 7006281294; 35326193400; 6602364982; 6602337679; 7006527101; 7005657164; 7006206042; 55921488600; 6701772999; 7006509776; 15837458100; 7003888236; 56030673000; 6701721301; 6603649640; 6506633701; 12141143000; 6602240566; 7202457000; 37665599700; 36127978800; 57209113095; 6603972274; 8629336100; 54898578000; 6603717479; 6602818344; 35091323800";0,436363636;-
Bogomoletz Institute of Physiology;Kyiv;32;67;"6603154107; 6603107736; 6507473842; 7202893723; 6602398416; 6507058608; 7006341879; 6602881653; 8397443200; 6701379676; 38761636600; 6602938480; 6603910962; 6604062219; 7801403999; 7004543954; 6505850968; 7007016666; 7004504424; 6506491237; 57201211112; 55818386500; 6603584790";0,52173913;-
Petro Mohyla Black Sea National University;Mykolaiv;32;41;"57208675277; 6603485960; 57212609599; 57203517108; 57220779336; 57554809400; 57103812200; 57331240000; 57200183222; 57214946028; 57445880600; 57103586600; 57224201918; 57212577217; 57191608478; 57222145499; 58554034900; 7004160569; 56440280900; 57219539174; 57221866694; 57214947007; 56925498100; 57207954084; 56925427000; 57212602022; 57211147344; 57250163000; 57103674400; 58490215800; 57249458100; 57212608222; 57201258628; 49963633100; 57210154900";0,8;-
Oles Honchar Dnipro National University;Dnipro;29;62;"56377125500; 6602931365; 57210702667; 57226167310; 57220073247; 58204824900; 55226002300; 57210696203; 58246301400; 57210705115; 57219961210; 57205237940; 56958540300; 57208674437; 57226134931; 58245601100; 57210594873; 57209796985; 58042210200; 58154058900; 56491129700; 57218577234; 56022695600; 57204582639; 57274927700; 57212930261; 35847695900; 57210205239; 58154059000; 56951298000; 58205072600; 57202238267; 57196280789; 25025773400; 57193363027; 57226168093; 57193788416; 57214167505; 58153767200; 56154949000; 57216287686; 57218576950; 57200147025; 57214346507; 36160553500; 6602364219; 57200226976; 58010598600; 56677782000; 58154338700; 41262374500; 57208017871; 57205154212; 56825899200; 57189990910; 57210600598";0,410714286;418
Ternopil National Economic University;Ternopil;29;60;"57216990797; 57219598554; 57215662410; 27867794600; 24833293100; 57219602494; 57200183121; 57210559132; 55225615700; 24483514900; 57200181682; 57208348158; 57188576389; 56403369100; 57189321782; 36069935000; 27867757700; 57209662420; 57208673020; 57210555960; 57219602290; 57219603934; 57203579103; 56090341600; 57193408874; 56008186500; 24480068200; 57216485893; 57219601245; 24723272400; 57204937166; 57103553400; 37122611700; 57188574014; 58616012300; 24479723300; 36069694800; 16552460800; 24179417600; 57208674228; 57216990957; 57215278099; 57220202294; 55225606100; 6602789983; 56090451700; 57210552063; 55226024100; 24178191500; 57208664021; 57208348194; 57210561910; 57219604082; 24178775400; 24178221500; 36069937900; 37123189000; 8356588100; 57216993246; 27468042400";0,483333333;-
Bukovinian State Medical University;Chernivtsi;27;102;"56035725300; 6504046222; 54883991500; 9279702200; 57188983126; 57211993287; 57219386179; 57215542960; 57220875576; 7004368950; 57203982953; 58697951100; 57215543102; 6508372142; 58408066200; 57204281760; 58265361600; 14831433300; 23003988100; 57220023867; 36682316500; 57211566777; 57219423246; 57219377908; 58405927400; 57204435927; 57425062800; 58698631300; 55780426900; 56034576500; 57499908000; 58698089600; 57203990533; 57454698400; 57211566692; 57219408928; 57454626900; 57195933570; 57203992978; 12645175800; 57190854698; 7801664053; 58264626000; 57841664600; 6701840218; 57219414237; 57219417482; 14831503200; 57201633922; 57203380294; 54882613300; 14831780700; 57203982354; 55394720600; 6602320185; 57215545200; 57219332385; 57216829932; 54883896800; 57454651900; 54883888200; 57211566829; 6506973943; 6504439973; 57211311669; 57219385924; 57660638300; 6508284984; 57202221490; 57211323941; 56035892000; 58177245300; 35608777000";0,315068493;-
Marine Hydrophysical Institute;Sevastopol;26;47;"7007076932; 57204761335; 6603687318; 6508300982; 6701439810; 57192647961; 8241045700; 6602381894; 36623812000; 6701784981; 12242624500; 57215358204; 6601986841; 57223993297; 23994266100; 23005053800; 6508135457; 6504287971; 57215365188; 55289251200; 37049930500; 42561044300; 57215280421; 36667109100; 16029830700; 6507354504; 8284177100; 7006247713; 25822860800; 7005603811; 6507545681; 7103125868; 57114965600; 56536937200; 7202138991; 6507481336; 6603566261; 57215353416; 7103180224; 57212347523; 13614135800; 6507949694; 6504344211; 57205873490; 55837095400; 57204342554; 57212343784";0,553191489;-
Kyiv National University of Construction and Architecture;Kyiv;25;69;"57289225100; 57208030041; 57117757200; 57200090285; 58191932400; 57238143700; 57222154960; 58613681800; 58613980100; 57202629018; 57200315471; 57289575400; 57223105709; 58198351800; 57201367823; 57289061200; 57994435000; 57208036595; 57993962500; 57990104100; 58357473300; 57223103586; 57196297466; 58041897200; 57222152857; 6603771881; 57205628964; 57204054867; 57210745770; 57205432180; 57213689997; 58613979000; 58639172100; 57204204504; 57189330887; 58183584900; 6506632335; 57223113107; 58066695600; 57190379920; 58775405200; 57223340559; 57994271400; 57204956894; 57217127850; 57208035680; 58614422500; 57238839700; 57216639178; 58614422400; 57006838600; 58066372600; 57200075478; 57238668800; 57214932947; 57200088719; 58613683000; 57834108100; 57782309100; 57222122288; 57223110647; 57211341629";0,35483871;-
Main Astronomical Observatory;Kyiv;25;48;"7801512784; 7006770354; 36009139100; 6701573550; 6603449057; 7006328789; 57191571230; 56638463700; 53984405800; 57311572400; 24465449500; 57188638007; 24070067900; 6602949854; 8897983000; 57198504088; 15126618100; 55372967400; 56543311000; 35893354600; 8520195700; 55322859000; 6701490867; 8694491500; 24465952400; 57191333142; 14042734200; 58000271400; 55322502400; 24074597100; 58752449200; 12768601700; 55208340300; 23049443800; 16241712100; 36772347300; 7005966404; 6507913850; 55208217300; 55208203500; 55208942600; 57191586007; 8983573500; 36450362900; 51462392400; 58752620600; 15741545100; 56205880900";0,520833333;-
Space Research Institute;Kyiv;25;26;7004361810;1;-
Yuriy Fedkovych Chernovtsy National University;Chernivtsi;25;49;"57203025062; 57217114601; 35572352400; 14831154800; 57224937961; 57217115649; 36343456800; 57198818977; 57429284200; 57223103494; 57705423100; 24281416600; 58519897800; 57642716500; 57202220212; 6507086403; 58684499000; 55901164600; 58685128800; 57454702400; 58684499100; 57249164800; 57207771451; 57705867200; 57644204100; 6603162487; 57196459964; 58520044900; 6601953964; 57454650400; 58727612300; 57454651100; 6506889690; 57250162700; 57724965200; 13106139800";0,527777778;159
Kryvyi Rih State Pedagogical University;Kryvyi Rih;23;52;"57211132753; 56375301300; 57204968238; 57205440436; 57211132858; 57209682824; 57219354228; 57214946343; 57205442322; 57609625200; 57204963511; 57205444378; 57817405900; 57216844651; 57211133873; 6504013231; 57222573408; 24076781900; 57205435051; 57211134574; 35771390000; 57218568346; 57214947158; 57202441530; 6504284746; 57218571289; 57211133711; 57186334600; 57817544300; 57211134522; 57211133386; 57205434015; 57202441017; 57204966667; 57202443202; 57218569282; 57218569952; 57202442074; 57211133531; 57224618454; 24468349400; 57211133844; 57204971507; 57194523680; 57216844461; 57211133211; 57220106666; 57216844690";0,458333333;-
Simon Kuznets Kharkiv National University of Economics;Khrakiv;21;30;"57202383896; 57219843288; 57189040452; 57860200500; 57409406200; 57209801180; 57458406900; 57815927800; 57214221867; 56809272400; 36068855600; 57716630700; 57218566711; 57213572686; 36069600100; 55819006000; 57208899640; 57495009200; 56770070400; 57193735474; 57224201563; 57207772989; 57210287284; 57224193648; 57195523700; 36089205300; 57219244786; 57238022400; 57195523310; 57195528289";0,7;236
Uzhhorod National University;Uzhhorod;21;30;"58298088400; 58697671000; 57200315233; 57213689747; 56667542100; 57220185652; 57220188262; 57951845200; 57219539377; 57211299051; 57189640005; 57438875300; 57219533029; 57189642809; 56667574800; 57540177800";0,9375;-
Ivan Franko National University of Lviv;Lviv;22;70;"57219746667; 58659865200; 57211999203; 57816090200; 57220893712; 6506030300; 56658654000; 57208600873; 57224193208; 57211625090; 57211298904; 6701381337; 57388176500; 58179241400; 6701870733; 57440084600; 37029017400; 6603717269; 57189593851; 56996154800; 57815614700; 57203925513; 57211998878; 14072151900; 6603217599; 8220567800; 58765615300; 6508032469; 25031702700; 14068931300; 55546799000; 57211296063; 58622537200; 55225981100; 57221836609; 25026149500; 57200182620; 58759200300; 57211746686; 8895799200; 57056522400; 57218330885; 57439566700; 58759157800; 57215590974; 55911323100; 57216026438; 55427987800; 55225984600; 6603688826; 58623341100; 9633976500; 57195681431; 58765745100; 57224184490; 57212532898; 58759289700; 24484083900; 6504291150";0,474576271;809
Ivan Kozhedub Kharkiv National Air Force University;Khrakiv;19;64;"7004018101; 57365576700; 57716633700; 57216163849; 57210415371; 57242935900; 57242766700; 57217115405; 57222156624; 57207819849; 57439724500; 57212169197; 57715858700; 57222154253; 57808564000; 57193623997; 57204023721; 57883612400; 57208081727; 58101421800; 8389869000; 57208334811; 57884363700; 57218796748; 57218097709; 57705153300; 8256721300; 57567684500; 55816400300; 57331504300; 57217535113; 6603487210; 55696944500; 58101942300; 57226247688; 55976111400; 57195547590; 57218767515; 57197026124; 57218098526; 57884108500; 57463892700; 56941529900; 57216296699; 57193628459; 58181599900; 57215832192; 57242505300; 55976187900; 57188760033; 57220834978; 57439911000; 57201772602; 7007068370; 57196006131; 57814546900; 24448644100; 56462414900; 57242851400; 14024451900";0,3;-
Kyiv National Economic University named after Vadym Hetman;Kyiv;19;39;"57219838140; 57220080461; 36080712900; 57223372285; 57219776521; 57209275056; 57209682939; 55082042300; 57225048653; 57776314200; 57205482209; 57219841929; 57224891950; 57224901181; 58350422400; 57224906028; 58575067600; 58576006700; 57217384325; 57211859220; 58079870300; 57209266097; 57216675288; 56294073000";0,375;125
Ivano-Frankivsk National Technical University of Oil and Gas;Ivano-Frankivsk;18;42;"57210595484; 16479343800; 57225986994; 57560603100; 56786456000; 57202444035; 57190441693; 6506028918; 57216488205; 57216830097; 57118168800; 57219593625; 57210361693; 14035688000; 57693386400; 57211316767; 56294368300; 57217424859; 56369374300; 57219595683; 57148613400; 57219605128; 57200158906; 57210412270; 56085357800; 57207692658; 57216844646; 57195202215; 56370045900; 57218515954; 57219908854; 57210603577; 57188683740; 57118099100; 57216844324; 56349175500; 56085800400; 57226529862; 56209026100; 57210747673; 57226525358; 57210746559";0,333333333;-
Vasyl Stefanyk Precarpathian National University;Ivano-Frankivsk;18;41;"57214947017; 57216528813; 58624131500; 57209418628; 57202232660; 57210412017; 57189039247; 57188567769; 57214947036; 56737018700; 57226700348; 57189328601; 57225410934; 57220768505; 57237847900; 57226691756; 57214946953; 57189048928; 6603358254; 57214946992; 57220109705; 36069946300; 14627681500; 57209409509; 57209415974; 57220105757; 57226692928; 57196326829; 57226526834; 57246989400; 56897104300; 57207770845; 58397629700; 57202229918; 58623991100; 57189333355; 57199998540";0,459459459;-
Volodymyr Dahl East Ukrainian National University;Luhansk;17;26;"57224909134; 57216614036; 6504606856; 58785801800; 57382704700; 57224196858; 57205551860; 57419343100; 58785801700; 57419343000; 24483379300; 57216628933; 57210377549; 57216628146; 57215544421; 58785801600; 57213166284; 57216629054; 57212601876; 55217923500; 57210371049; 57215346109; 57219986300; 58784926300; 57210379091; 57195593853";0,653846154;-
Zhytomyr Polytechnic State University;Zhytomyr;17;34;"57203813682; 57433342200; 12788834100; 57203816605; 57203860408; 57207858684; 57210890332; 57219927732; 57217508167; 57219926096; 57216634921; 58248767900; 57216847072; 57219929773; 58249471800; 57205506489; 57219931250; 58538175900; 56576073800; 58578129100; 57216844601; 57433774100; 58643927800; 57216844697; 57216846103; 57222621298; 55912634100";0,481481481;-
Samsung R&D Institute;Kyiv;15;36;"57191592131; 57215969365; 57209362862; 57209367343";0,25;-
Zaporizhzhia State Medical and Pharmaceutical University;Zaporizhzhia;15;18;56677873000;0.3;-
National University of Kyiv-Mohyla Academy;Kyiv;14;17;"57215340435; 57507092700; 16837255900; 35068038300; 57221725143; 57219530119; 56728892900; 56926594700; 57219539553; 57198806428; 57457010600; 57219536409; 54897978500; 57209444533; 6507551093; 57215353493; 36961257700";0,529411765;222
Ukrainian Academy of Printing;Lviv;13;22;"57214080164; 57226765101; 57213688984; 57217197922; 57213689169; 57214088775; 6506953377; 57218492456; 24503187100; 57214067362; 57210282724; 57215662253; 57224617694; 57214091476; 57205588731; 57226537461; 57210282423; 57643492200; 57205173739; 57226536224; 57786265200; 57214076733";0,590909091;-
O. Ya. Usikov Institute of Radio Physics and Electronics;Khrakiv;17;29;16052882900;3;-
Institute for Information Recording;Kyiv;12;17;"57201381973; 57201372537; 57193842606; 57207244201; 57193852348; 35583691500; 57193860782; 57201377080; 7004327204; 54881853400; 54417137000";0,909090909;-
Kremenchuk Mykhailo Ostrohradskyi National University;Kremenchuk;12;36;"57189353945; 57220200266; 57963011400; 57211997729; 57194709938; 56167524400; 57203619235; 57211325182; 58089342400; 57203875693; 58089290500; 57215285998; 57215277366; 57196472683; 56830464300; 58089290200; 57220195621; 57193675921; 57201056432; 57803725800; 57207736475; 55367910400; 55367739000; 57220198223; 57105553800";0,32;-
Odesa I. I. Mechnikov National University;Odesa;12;36;"58408944200; 57219793274";0,5;147
Institute for Nuclear Research;Kyiv;10;45;"57892367700; 57184251800; 6602771865; 6602727338; 26659114900; 55861733700; 26667863300; 6701378592; 35977027900; 16053941000; 6504103697; 6602715345; 6504695989; 57202567457; 6701860780; 15842212500; 36619938700; 35726078300; 6602692223; 15127490600; 7006651807; 16197477600; 16421474700; 56981703200; 6508101105; 6602914349; 56541690000; 57212377045; 55410030100; 26654270100; 57213079364; 57184229600; 55424210300; 26654406600; 57212543197; 8407959700; 6506263558; 24758023400; 8866558400; 6507224120; 56549667300; 56550031800; 6603136058";0,162790698;-
Kyiv National University of Technologies and Design;Kyiv;10;34;"57219251131; 8379858700; 58774913400; 57217259403; 57357228600; 36069041500; 12763275900; 8379859700; 57207486132; 57289566900; 57219207679; 56293328800; 56293536700; 57219987646; 57208315150; 57219207595; 54397154900; 58590065200; 57462354200; 57218097533; 57871710600; 56669962600; 56529699300; 57871570500; 58590501100; 57866119600; 57790936000; 58558047600; 57288541100; 58590959400; 14062340300; 57205054914; 58759111200; 58774812000";0,294117647;-
Ukrainian State University of Railway Transport;Khrakiv;10;30;"57203874439; 57194787882; 22982429300; 57203875016; 57208110024; 58349411600; 57195591082; 57195195398; 57195067300; 57203869469; 58426872900; 57195070059; 57170874200; 57205453967; 57208105658; 57203879767; 57208104982; 58350676600; 57195063838; 57204840843";0,35;-
Lutsk National Technical University;Lutsk;9;13;"57192954953; 57338605300; 56677779400; 56520138000; 56520377000; 57192960064; 58765115700; 57788045200; 58764253700; 57003597300; 56447150300; 57197851362; 55145665500; 57572740100; 57192961359";0,333333333;-
SoftServe;Lviv;9;6;"57191859973; 57219825771; 57204560911; 57221875207; 36179919600; 37017559900";1,5;-
Dnіpro Unіversіty of Technology;Dnipro;15;29;"36184050600; 55603352300; 56447107800; 55891451700; 55320909200; 56446921900; 6508019486; 57194419359; 56447003300; 6603804708; 55602102100; 55437044400; 55991211800; 57194413457; 55990748900; 55991810300; 57194418920; 55991219200; 57212123959";0,473684211;364
V.I. Vernadsky Taurida National University;-;15;27;"57211120589; 57202367381; 57202359305; 57192821285; 6602096496; 57211117146";0,333333333;-
V.P. Kukhar Institute of Bioorganic Chemistry and Petrochemistry;Kyiv;9;29;"35102260400; 57894393500; 6603378815; 58080925800; 36674573300; 8918020500; 57214364504; 16402100300; 56878916900; 57212049262; 57580706500; 58462602200; 6701325265; 6701496141; 55220935000; 7004428735";0,4375;-
Vasyl Stus Donetsk National University;Donetsk;9;13;"6507753602; 53874341200; 57209857190; 57208672572; 57209860393";0,6;-
Danylo Halytsky Lviv National Medical University;Lviv;8;37;"56181570500; 6602600329; 57435088800; 57188847107; 6503975175; 12808498600; 57004757800; 56677781000; 8746060700; 57224541997; 57222226566; 56703326600; 57435637100; 57435227500; 7202937719; 35306606300; 57216749178; 6602969260; 57434681000; 57572451900; 58335911200; 57188844879; 57795122200; 55203576800; 55701328900; 56465146600; 57225975563; 8393653800; 57434954500; 57204565196; 57694851800; 57352758300; 7005362110; 57435227400; 57222180435; 6602140548; 56667626300";0,216216216;-
Amosov National Institute of Cardiovascular Surgery;Kyiv;7;27;"58037908500; 56461091600; 57221258676; 57812035000; 57912446400; 57188834106; 57221272451; 57337819500; 57345039000; 57338415500; 57215493913; 57221264836; 57345503000; 36712107400; 57338271500";0,333333333;-
Admiral Makarov National University of Shipbuilding;Mykolaiv;6;17;"7003797995; 55225622100; 58574948800; 57218515088; 7101860445; 58574948900; 57103166700; 58639991800; 58490483000; 58677657400; 57103213000; 58575122500; 43761604400; 6602324472; 55225519900; 57449594000; 7005196824";0,352941176;-
Donbas State Engineering Academy;Donetsk;6;15;"57207768511; 58690062300; 57192671669; 57205445522; 57193625791; 57170410800; 57216485601; 58602127200; 58635371100; 58527276700; 57205432765; 55649667900; 57223969316; 57216825334; 57220856570";0,4;-
Odesa National Maritime University;Odesa;6;10;"57191408052; 57192092805; 57191406873; 57191407655; 57198779496; 57196884166; 57191413326; 57191411705";0,625;52
Shupyk National University of Healthcare of Ukraine;Kyiv;6;15;"57555662600; 55935174600; 57491075400; 57435637300";0,5;-
Ternopil Volodymyr Hnatiuk National Pedagogical University;Ternopil;6;18;"57221631068; 57215490836; 57103716600; 57216847034; 57204727013; 57221284248; 57257416100; 57190122282; 57383333800; 57214945949; 58286966600; 57194526925; 57214945738";0,307692308;-
Bohdan Khmelnytsky Melitopol State Pedagogical University;Melitopol;5;17;"57817952300; 57742976500; 57817005700";0,333333333;-
Bohdan Khmelnytsky National University of Cherkasy;Cherkasy;5;13;"7006651537; 34067508100; 35364458800; 7005083350; 55489531200";0,2;-
G.E. Pukhov Institute for Modelling in Energy Engineering;Kyiv;5;13;"57360754000; 57361512900; 57208247541";1;-
Hetman Petro Sahaidachnyi National Ground Forces Academy;Lviv;5;22;"57209201962; 57224203029; 57217195493; 58165972900; 57218346343; 57189328083; 6602604353; 57221290836; 57226524076; 57194585409; 6701775232; 57217196837; 58681150400; 6701777012; 58165760700; 57226531614; 58165551800; 57217204350; 57191441166; 57194192521; 57217195429; 57219820438";0,227272727;-
Ukrainian State University of Chemical Technology;Dnipro;5;13;"6506965067; 57201361365; 57256865000; 57214243715; 6602543276; 57256865100; 57256724300; 57256443700; 57257296400; 57195414738; 56032858200; 57200571876; 6603092887";0,384615385;-
D.K. Zabolotny Institute of Microbiology and Virology;Kyiv;5;26;"6506022289; 36128083200; 7003863955; 57221805192; 57209506207; 58037977300; 57239780400; 55941386400; 7005641357; 56446774300; 6602695551; 36724937800; 55016431800; 57201978653; 6507362194; 6506532547; 56708332600; 57219712293; 58038228500; 6701672241; 55694090600; 35462421200; 57219708898; 38360919800; 6507417279; 36954674900";0,192307692;-
Lesya Ukrainka Volyn National University;Lutsk;4;10;"57218345616; 57221874397; 57221864523; 57221874892; 57221874524; 57222901432; 57218347265";0,285714286;-
Sevastopol National Technical University;-;4;3;"25929476800; 35609186400; 25927595200";1,333333333;-
Yaroslav Mudryi National Law University;Kharkiv;4;14;"55131901800; 57224186001; 57222306972; 55135925400; 57403037400; 57224198513; 57203459402; 57213827633";0,375;-
Donbas National Academy of Civil Engineering and Architecture;-;3;4;"57211268631; 57220743412; 57215321755; 57188826034";0,75;-
Silentium Systems;-;3;7;"57435615400; 57216331149; 57647160700; 57434935700; 57216346414; 58044042300; 57216330951";0,428571429;-
A.V. Bogatsky Physico-Chemical Institute;Odesa;2;3;"6604035715; 6507794566; 35146305500";0,333333333;-
Donetsk National Medical University;-;2;10;"55797392400; 6507112674; 56956973800; 58245363300; 6701918811; 56301109500; 58244876300; 6506892699; 58245602800; 7006043228";0,2;-
Ivano-Frankivsk National Medical University;Ivano-Frankivsk;2;12;"58776837700; 56754194700; 57209368669; 7005633559; 58776256500; 58516429800; 57353366800; 36538110300; 55356190900; 57024135000; 57214531244; 58776453300";0,166666667;-
Junior Academy of Sciences of Ukraine;Kyiv;2;10;"58209386100; 58209236800; 57221464431; 36572829100";0,25;-
V.E. Lashkaryov Institute of Semiconductor Physics;Kyiv;2;10;"7003369355; 35581961300; 25923472700; 49561181400; 36773271000; 7404613944; 57207901348; 35097884500";0,125;-
Zaporizhzhia National University;Zaporizhzhia;2;9;"57972045300; 57196319153; 58757470900; 58305016400; 57208315114; 58786574100; 58757765600; 57205075887; 57224194088";0,222222222;-
Zhytomyr Military Institute Named after S. P. Korolov;Zhytomyr;2;4;"57439911100; 57217113170; 57439911200; 55696433000";0,5;-
Polissia National University;Zhytomyr;2;6;"57324956400; 57314853600; 57324583000; 57218570293; 57208642802; 58524657100";0,333333333;-
Azov State Technical University;-;1;1;35321905500;1;-
Central Ukrainian National Technical University;-;1;7;"57197075933; 57211392276; 36070180000; 58575295400; 56572935500; 58570228600; 57203514883";0,142857143;-
Odesa National Economic University;-;1;2;"57204687523; 57204694303";0,5;-
Odesa National Medical University;-;1;4;"56667638800; 57219779480; 57194525992; 57191858904";0,25;-
Vinnytsia National Medical University;-;1;2;"57216395693; 6602097465";0,5;-
Zhytomyr Institute of Interregional Academy of Personnel Management;-;1;4;"57200571663; 57217022749; 58059042500; 57320848300";0,25;-
